-- phpMyAdmin SQL Dump
-- version 4.9.7
-- https://www.phpmyadmin.net/
--
-- Host: localhost:8889
-- Generation Time: Apr 10, 2021 at 09:44 PM
-- Server version: 5.7.32
-- PHP Version: 7.4.12

SET SQL_MODE = "NO_AUTO_VALUE_ON_ZERO";
SET time_zone = "+00:00";


/*!40101 SET @OLD_CHARACTER_SET_CLIENT=@@CHARACTER_SET_CLIENT */;
/*!40101 SET @OLD_CHARACTER_SET_RESULTS=@@CHARACTER_SET_RESULTS */;
/*!40101 SET @OLD_COLLATION_CONNECTION=@@COLLATION_CONNECTION */;
/*!40101 SET NAMES utf8mb4 */;

--
-- Database: `vehicledata_db`
--

-- --------------------------------------------------------

--
-- Table structure for table `COLOUR`
--

CREATE TABLE `COLOUR` (
  `COLOUR_ID` int(10) NOT NULL,
  `COLOUR_DESCRIPTION` varchar(50) NOT NULL
) ENGINE=InnoDB DEFAULT CHARSET=utf8;

--
-- Dumping data for table `COLOUR`
--

INSERT INTO `COLOUR` (`COLOUR_ID`, `COLOUR_DESCRIPTION`) VALUES
(211, 'RED MULTI-COAT'),
(212, 'BLUE CRUSH'),
(213, 'PEARL RED'),
(214, 'ARA BLUE CRYSTAL EFFECT'),
(215, 'ELIXIR RED'),
(216, 'FORD PERFORMANCE BLUE'),
(217, 'MINERAL WHITE METALLIC'),
(218, 'COCOON SILVER'),
(219, 'CANDY WHITE'),
(2100, 'TITANIUM FLASH MICA');

-- --------------------------------------------------------

--
-- Table structure for table `MAKE_MODEL`
--

CREATE TABLE `MAKE_MODEL` (
  `MODEL_ID` int(10) NOT NULL,
  `MODEL_NAME` varchar(50) NOT NULL
) ENGINE=InnoDB DEFAULT CHARSET=utf8;

--
-- Dumping data for table `MAKE_MODEL`
--

INSERT INTO `MAKE_MODEL` (`MODEL_ID`, `MODEL_NAME`) VALUES
(1110, 'MODEL 3'),
(1112, 'JAGUAR XF'),
(1113, 'SPRINTER'),
(1114, 'R8 COUPE V10'),
(1115, 'CAMRY HYBRID'),
(1116, 'TOURNEO CUSTOM PLUG-IN HYBRID'),
(1117, 'BMW 8 SERIES'),
(1118, 'NEXO'),
(1119, 'AMAROK'),
(11100, 'MAZDA 3');

-- --------------------------------------------------------

--
-- Table structure for table `MANUFACTURER_REPRESENTATIVE_IN_NZ`
--

CREATE TABLE `MANUFACTURER_REPRESENTATIVE_IN_NZ` (
  `MANUFACTURER_ID` int(10) NOT NULL,
  `MANUFACTURER_NAME` varchar(50) NOT NULL,
  `WEBSITE` varchar(60) NOT NULL
) ENGINE=InnoDB DEFAULT CHARSET=utf8;

--
-- Dumping data for table `MANUFACTURER_REPRESENTATIVE_IN_NZ`
--

INSERT INTO `MANUFACTURER_REPRESENTATIVE_IN_NZ` (`MANUFACTURER_ID`, `MANUFACTURER_NAME`, `WEBSITE`) VALUES
(101, 'TESLA AUSTRALIA & NEW ZEALAND', 'https://www.tesla.com/en_nz'),
(202, 'ARCHIBALD & SHORTER', 'https://www.jaguar.co.nz/'),
(303, 'MERCEDES-BENZ NEW ZEALAND LTD', 'https://www.mercedes-benz-trucks.com/en_NZ/home.html'),
(404, 'AUDI NEW ZEALAND', 'https://www.audi.co.nz/nz/web/en.html'),
(505, 'TOYOTA NEW ZEALAND NATIONAL PARTS CENTRE', 'https://www.toyota.co.nz/'),
(606, 'FORD NEW ZEALAND', 'https://www.ford.co.nz/'),
(707, 'BMW GROUP NZ', 'https://www.bmw.co.nz/en/index.html'),
(808, 'HYUNDAI NEW ZEALAND', 'https://www.hyundai.co.nz/'),
(909, 'VOLKSWAGEN NEW ZEALAND', 'https://www.volkswagen.co.nz/'),
(1010, 'MAZDA MOTORS OF NEW ZEALAND', 'https://www.mazda.co.nz/');

-- --------------------------------------------------------

--
-- Table structure for table `VEHICLE_DETAILS`
--

CREATE TABLE `VEHICLE_DETAILS` (
  `VEHICLE_ID` int(10) NOT NULL,
  `MODEL_ID` int(11) NOT NULL,
  `MANUFACTURER_ID` int(11) NOT NULL,
  `MAKE_ID` int(11) NOT NULL,
  `COLOUR_ID` int(11) NOT NULL,
  `YEAR` year(4) NOT NULL,
  `TYPE` varchar(50) NOT NULL,
  `FUEL_TYPE` varchar(50) NOT NULL,
  `SAFETY_RATING` varchar(100) DEFAULT NULL
) ENGINE=InnoDB DEFAULT CHARSET=utf8;

--
-- Dumping data for table `VEHICLE_DETAILS`
--

INSERT INTO `VEHICLE_DETAILS` (`VEHICLE_ID`, `MODEL_ID`, `MANUFACTURER_ID`, `MAKE_ID`, `COLOUR_ID`, `YEAR`, `TYPE`, `FUEL_TYPE`, `SAFETY_RATING`) VALUES
(10, 1110, 101, 1000, 211, 2019, 'FASTBACK SEDAN', 'ELECTRIC', 'TESLA MODEL 3 HAS A SAFETY RATING OF 5/5 STAR RATING'),
(20, 1112, 202, 1112, 212, 2010, 'SALOON', 'PETROL', 'JAGUAR XF HAS A SAFETY RATING OF 4/5 STAR RATING'),
(30, 1113, 303, 1113, 213, 2000, 'TRUCK', 'DIESEL', 'MERCEDES-BENZ SPRINTER HAS A SAFETY RATING OF 5/5 STAR RATING'),
(40, 1114, 404, 1114, 214, 2017, 'SPORTS CAR', 'PETROL', 'AUDI R8 HAS A SAFETY RATING OF 5/5 STAR RATING'),
(50, 1115, 505, 1115, 215, 2014, 'SEDAN', 'HYBRID', 'CAMRY HYBRID HAS A SAFETY RATING OF 5/5 STAR RATING'),
(60, 1116, 606, 1116, 216, 2020, 'VAN', 'PLUG-IN HYBRID', 'FORD TRANSIT AND TOURNEO  HAS A SAFETY RATING OF 5/5 STAR RATING'),
(70, 1117, 707, 1117, 217, 2018, 'CONVERTABLE', 'PETROL', 'BMW 8 SERIES HAS A SAFETY RATING OF 5/5 STAR RATING'),
(80, 1118, 808, 1118, 218, 2021, 'CROSSOVER SUV', 'FUEL CELL', 'NEXO  HAS A SAFETY RATING OF 5/5 STAR RATING'),
(90, 1119, 909, 1119, 219, 2011, 'DOUBLE CAB', 'TURBO DIESEL', 'VOLKSWAGEN AMAROK HAS A SAFETY RATING OF 4/5 STAR RATING'),
(100, 11100, 1111, 10010, 2100, 2004, 'HATCHBACK', '98 OCTANE', 'MAZDA 3 HAS A SAFETY RATING OF 4/5 STAR RATING');

-- --------------------------------------------------------

--
-- Table structure for table `VEHICLE_MAKE`
--

CREATE TABLE `VEHICLE_MAKE` (
  `MAKE_ID` int(10) NOT NULL,
  `MAKE_NAME` varchar(50) NOT NULL
) ENGINE=InnoDB DEFAULT CHARSET=utf8;

--
-- Dumping data for table `VEHICLE_MAKE`
--

INSERT INTO `VEHICLE_MAKE` (`MAKE_ID`, `MAKE_NAME`) VALUES
(1000, 'TESLA'),
(1002, 'JAGUAR'),
(1003, 'MERCEDES-BENZ'),
(1004, 'AUDI'),
(1005, 'TOYOTA'),
(1006, 'FORD'),
(1007, 'BMW'),
(1008, 'HYUNDAI'),
(1009, 'VOLKSWAGEN'),
(10010, 'MAZDA');

--
-- Indexes for dumped tables
--

--
-- Indexes for table `COLOUR`
--
ALTER TABLE `COLOUR`
  ADD PRIMARY KEY (`COLOUR_ID`);

--
-- Indexes for table `MAKE_MODEL`
--
ALTER TABLE `MAKE_MODEL`
  ADD PRIMARY KEY (`MODEL_ID`);

--
-- Indexes for table `MANUFACTURER_REPRESENTATIVE_IN_NZ`
--
ALTER TABLE `MANUFACTURER_REPRESENTATIVE_IN_NZ`
  ADD PRIMARY KEY (`MANUFACTURER_ID`);

--
-- Indexes for table `VEHICLE_DETAILS`
--
ALTER TABLE `VEHICLE_DETAILS`
  ADD PRIMARY KEY (`VEHICLE_ID`,`MODEL_ID`,`MANUFACTURER_ID`,`MAKE_ID`,`COLOUR_ID`),
  ADD KEY `MAKE_MODEL_TABLE_FK` (`MODEL_ID`),
  ADD KEY `MANUFACTURER_REPRESENTATIVE_IN_NZ_TABLE_FK` (`MANUFACTURER_ID`),
  ADD KEY `VEHICLE_MAKE_TABLE_FK` (`MAKE_ID`),
  ADD KEY `COLOUR_TABLE_FK` (`COLOUR_ID`);

--
-- Indexes for table `VEHICLE_MAKE`
--
ALTER TABLE `VEHICLE_MAKE`
  ADD PRIMARY KEY (`MAKE_ID`);

--
-- AUTO_INCREMENT for dumped tables
--

--
-- AUTO_INCREMENT for table `COLOUR`
--
ALTER TABLE `COLOUR`
  MODIFY `COLOUR_ID` int(10) NOT NULL AUTO_INCREMENT, AUTO_INCREMENT=2101;

--
-- AUTO_INCREMENT for table `MAKE_MODEL`
--
ALTER TABLE `MAKE_MODEL`
  MODIFY `MODEL_ID` int(10) NOT NULL AUTO_INCREMENT, AUTO_INCREMENT=11101;

--
-- AUTO_INCREMENT for table `MANUFACTURER_REPRESENTATIVE_IN_NZ`
--
ALTER TABLE `MANUFACTURER_REPRESENTATIVE_IN_NZ`
  MODIFY `MANUFACTURER_ID` int(10) NOT NULL AUTO_INCREMENT, AUTO_INCREMENT=1011;

--
-- AUTO_INCREMENT for table `VEHICLE_DETAILS`
--
ALTER TABLE `VEHICLE_DETAILS`
  MODIFY `VEHICLE_ID` int(10) NOT NULL AUTO_INCREMENT, AUTO_INCREMENT=101;

--
-- AUTO_INCREMENT for table `VEHICLE_MAKE`
--
ALTER TABLE `VEHICLE_MAKE`
  MODIFY `MAKE_ID` int(10) NOT NULL AUTO_INCREMENT, AUTO_INCREMENT=10011;

--
-- Constraints for dumped tables
--

--
-- Constraints for table `VEHICLE_DETAILS`
--
ALTER TABLE `VEHICLE_DETAILS`
  ADD CONSTRAINT `COLOUR_TABLE_FK` FOREIGN KEY (`COLOUR_ID`) REFERENCES `COLOUR` (`COLOUR_ID`) ON UPDATE CASCADE,
  ADD CONSTRAINT `MAKE_MODEL_TABLE_FK` FOREIGN KEY (`MODEL_ID`) REFERENCES `MAKE_MODEL` (`MODEL_ID`) ON UPDATE CASCADE,
  ADD CONSTRAINT `MANUFACTURER_ID_FK` FOREIGN KEY (`MANUFACTURER_ID`) REFERENCES `MANUFACTURER_REPRESENTATIVE_IN_NZ` (`MANUFACTURER_ID`) ON UPDATE CASCADE,
  ADD CONSTRAINT `MANUFACTURER_REPRESENTATIVE_IN_NZ_TABLE_FK` FOREIGN KEY (`MANUFACTURER_ID`) REFERENCES `MANUFACTURER_REPRESENTATIVE_IN_NZ` (`MANUFACTURER_ID`) ON UPDATE CASCADE,
  ADD CONSTRAINT `MODEL_ID_FK` FOREIGN KEY (`MODEL_ID`) REFERENCES `MAKE_MODEL` (`MODEL_ID`) ON UPDATE CASCADE,
  ADD CONSTRAINT `VEHICLE_MAKE_TABLE_FK` FOREIGN KEY (`MAKE_ID`) REFERENCES `VEHICLE_MAKE` (`MAKE_ID`) ON UPDATE CASCADE;

/*!40101 SET CHARACTER_SET_CLIENT=@OLD_CHARACTER_SET_CLIENT */;
/*!40101 SET CHARACTER_SET_RESULTS=@OLD_CHARACTER_SET_RESULTS */;
/*!40101 SET COLLATION_CONNECTION=@OLD_COLLATION_CONNECTION */;
